run_id,sweep,dataset,seed,T,dx,d_path,stride,ratio,n_tokens,window_lengths,depths,n_scales,token_dim_total,token_dim_predicted,test_acc,val_acc,n_params,logsig_precompute_s,total_train_s,wall_s,peak_gpu_mem_mb,status,error,exit_code,notes,git_commit,torch_version,sig_lib_version,gpu_name,cuda_visible_devices,timestamp
recipe12_EigenWorms_seed2345,recipe12,EigenWorms,2345,17984,6,6,180,0.010009,100,"[719, 180]","[2, 1]",2,48,48,0.8125,1.0,29189,1.6743927001953125,1.348754644393921,109.0,30.31201171875,ok,,0,"recipe variant: depths=[2, 1], stride=180 (1.0x base 180), lengths=[719, 180] (base [1800, 180])",8b4ddf7,2.6.0+cu124,0.24,NVIDIA GeForce RTX 4070 Ti SUPER,0,2026-07-26T15:57:01
recipe12_EigenWorms_seed3456,recipe12,EigenWorms,3456,17984,6,6,180,0.010009,100,"[719, 180]","[2, 1]",2,48,48,0.9375,0.9375,29189,1.6706066131591797,1.4033429622650146,24.0,30.31201171875,ok,,0,"recipe variant: depths=[2, 1], stride=180 (1.0x base 180), lengths=[719, 180] (base [1800, 180])",8b4ddf7,2.6.0+cu124,0.24,NVIDIA GeForce RTX 4070 Ti SUPER,0,2026-07-26T15:57:26
recipe12_EigenWorms_seed4567,recipe12,EigenWorms,4567,17984,6,6,180,0.010009,100,"[719, 180]","[2, 1]",2,48,48,0.96875,1.0,29189,1.670992136001587,1.390181303024292,33.0,30.31201171875,ok,,0,"recipe variant: depths=[2, 1], stride=180 (1.0x base 180), lengths=[719, 180] (base [1800, 180])",8b4ddf7,2.6.0+cu124,0.24,NVIDIA GeForce RTX 4070 Ti SUPER,0,2026-07-26T15:58:00
recipe12_EigenWorms_seed5678,recipe12,EigenWorms,5678,17984,6,6,180,0.010009,100,"[719, 180]","[2, 1]",2,48,48,0.984375,0.984375,29189,1.6798784732818604,1.387665033340454,72.0,30.31201171875,ok,,0,"recipe variant: depths=[2, 1], stride=180 (1.0x base 180), lengths=[719, 180] (base [1800, 180])",8b4ddf7,2.6.0+cu124,0.24,NVIDIA GeForce RTX 4070 Ti SUPER,0,2026-07-26T15:59:13
recipe12_EigenWorms_seed6789,recipe12,EigenWorms,6789,17984,6,6,180,0.010009,100,"[719, 180]","[2, 1]",2,48,48,0.921875,0.984375,29189,1.6798012256622314,4.707019090652466,162.0,30.31201171875,ok,,0,"recipe variant: depths=[2, 1], stride=180 (1.0x base 180), lengths=[719, 180] (base [1800, 180])",8b4ddf7,2.6.0+cu124,0.24,NVIDIA GeForce RTX 4070 Ti SUPER,0,2026-07-26T16:01:56
recipe12_EthanolConcentration_seed2345,recipe12,EthanolConcentration,2345,1751,3,4,18,0.01028,98,"[70, 18]","[2, 1]",2,27,44,0.3194444477558136,0.31041666865348816,10916,0.6117641925811768,5.644900798797607,116.0,28.86669921875,ok,,0,"recipe variant: depths=[2, 1], stride=18 (1.0x base 18), lengths=[70, 18] (base [180, 18])",8b4ddf7,2.6.0+cu124,0.24,NVIDIA GeForce RTX 4070 Ti SUPER,0,2026-07-26T16:03:53
recipe12_EthanolConcentration_seed3456,recipe12,EthanolConcentration,3456,1751,3,4,18,0.01028,98,"[70, 18]","[2, 1]",2,27,44,0.32083332538604736,0.32847222685813904,10916,0.606198787689209,5.6494410037994385,149.0,28.86669921875,ok,,0,"recipe variant: depths=[2, 1], stride=18 (1.0x base 18), lengths=[70, 18] (base [180, 18])",8b4ddf7,2.6.0+cu124,0.24,NVIDIA GeForce RTX 4070 Ti SUPER,0,2026-07-26T16:06:23
recipe12_EthanolConcentration_seed4567,recipe12,EthanolConcentration,4567,1751,3,4,18,0.01028,98,"[70, 18]","[2, 1]",2,27,44,0.33124998211860657,0.2923611104488373,10916,0.6125781536102295,5.645956516265869,122.0,28.86669921875,ok,,0,"recipe variant: depths=[2, 1], stride=18 (1.0x base 18), lengths=[70, 18] (base [180, 18])",8b4ddf7,2.6.0+cu124,0.24,NVIDIA GeForce RTX 4070 Ti SUPER,0,2026-07-26T16:08:26
recipe12_EthanolConcentration_seed5678,recipe12,EthanolConcentration,5678,1751,3,4,18,0.01028,98,"[70, 18]","[2, 1]",2,27,44,0.2923611104488373,0.3118055760860443,10916,0.6063151359558105,5.647806167602539,64.0,28.86669921875,ok,,0,"recipe variant: depths=[2, 1], stride=18 (1.0x base 18), lengths=[70, 18] (base [180, 18])",8b4ddf7,2.6.0+cu124,0.24,NVIDIA GeForce RTX 4070 Ti SUPER,0,2026-07-26T16:09:31
recipe12_EthanolConcentration_seed6789,recipe12,EthanolConcentration,6789,1751,3,4,18,0.01028,98,"[70, 18]","[2, 1]",2,27,44,0.3506944477558136,0.3743055760860443,10916,0.6187527179718018,3.870774030685425,153.0,28.86669921875,ok,,0,"recipe variant: depths=[2, 1], stride=18 (1.0x base 18), lengths=[70, 18] (base [180, 18])",8b4ddf7,2.6.0+cu124,0.24,NVIDIA GeForce RTX 4070 Ti SUPER,0,2026-07-26T16:12:05
recipe12_Heartbeat_seed2345,recipe12,Heartbeat,2345,405,61,61,4,0.009877,102,"[16, 4]","[2, 1]",2,3843,3843,0.7572916746139526,0.6950430870056152,593410,4.049688339233398,14.485194206237793,164.0,94.14013671875,ok,,0,"recipe variant: depths=[2, 1], stride=4 (1.0x base 4), lengths=[16, 4] (base [40, 4])",8b4ddf7,2.6.0+cu124,0.24,NVIDIA GeForce RTX 4070 Ti SUPER,0,2026-07-26T16:14:50
recipe12_Heartbeat_seed3456,recipe12,Heartbeat,3456,405,61,61,4,0.009877,102,"[16, 4]","[2, 1]",2,3843,3843,0.7916666269302368,0.7887930870056152,593410,3.972501039505005,14.628162860870361,285.0,94.14013671875,ok,,0,"recipe variant: depths=[2, 1], stride=4 (1.0x base 4), lengths=[16, 4] (base [40, 4])",8b4ddf7,2.6.0+cu124,0.24,NVIDIA GeForce RTX 4070 Ti SUPER,0,2026-07-26T16:19:36
recipe12_Heartbeat_seed4567,recipe12,Heartbeat,4567,405,61,61,4,0.009877,102,"[16, 4]","[2, 1]",2,3843,3843,0.6604166626930237,0.6761853694915771,593410,4.0638957023620605,12.49521541595459,267.0,94.14013671875,ok,,0,"recipe variant: depths=[2, 1], stride=4 (1.0x base 4), lengths=[16, 4] (base [40, 4])",8b4ddf7,2.6.0+cu124,0.24,NVIDIA GeForce RTX 4070 Ti SUPER,0,2026-07-26T16:24:04
recipe12_Heartbeat_seed5678,recipe12,Heartbeat,5678,405,61,61,4,0.009877,102,"[16, 4]","[2, 1]",2,3843,3843,0.6270833015441895,0.7855603694915771,593410,3.830031394958496,11.912358283996582,206.0,94.14013671875,ok,,0,"recipe variant: depths=[2, 1], stride=4 (1.0x base 4), lengths=[16, 4] (base [40, 4])",8b4ddf7,2.6.0+cu124,0.24,NVIDIA GeForce RTX 4070 Ti SUPER,0,2026-07-26T16:27:31
recipe12_Heartbeat_seed6789,recipe12,Heartbeat,6789,405,61,61,4,0.009877,102,"[16, 4]","[2, 1]",2,3843,3843,0.7739583253860474,0.7198275923728943,593410,3.817368745803833,11.651444673538208,172.0,94.14013671875,ok,,0,"recipe variant: depths=[2, 1], stride=4 (1.0x base 4), lengths=[16, 4] (base [40, 4])",8b4ddf7,2.6.0+cu124,0.24,NVIDIA GeForce RTX 4070 Ti SUPER,0,2026-07-26T16:30:24
recipe12_MotorImagery_seed2345,recipe12,MotorImagery,2345,3000,64,65,30,0.01,100,"[120, 30]","[2, 1]",2,4224,4355,0.581250011920929,0.46312499046325684,69490,39.85542631149292,9.706644058227539,150.0,71.92041015625,ok,,0,"recipe variant: depths=[2, 1], stride=30 (1.0x base 30), lengths=[120, 30] (base [300, 30])",8b4ddf7,2.6.0+cu124,0.24,NVIDIA GeForce RTX 4070 Ti SUPER,0,2026-07-26T16:32:55
recipe12_MotorImagery_seed3456,recipe12,MotorImagery,3456,3000,64,65,30,0.01,100,"[120, 30]","[2, 1]",2,4224,4355,0.49000000953674316,0.6037499904632568,69490,40.27151823043823,10.216407775878906,368.0,71.92041015625,ok,,0,"recipe variant: depths=[2, 1], stride=30 (1.0x base 30), lengths=[120, 30] (base [300, 30])",8b4ddf7,2.6.0+cu124,0.24,NVIDIA GeForce RTX 4070 Ti SUPER,0,2026-07-26T16:39:04
recipe12_MotorImagery_seed4567,recipe12,MotorImagery,4567,3000,64,65,30,0.01,100,"[120, 30]","[2, 1]",2,4224,4355,0.47437500953674316,0.5724999904632568,69490,40.42063117027283,10.239818334579468,226.0,71.92041015625,ok,,0,"recipe variant: depths=[2, 1], stride=30 (1.0x base 30), lengths=[120, 30] (base [300, 30])",8b4ddf7,2.6.0+cu124,0.24,NVIDIA GeForce RTX 4070 Ti SUPER,0,2026-07-26T16:42:51
recipe12_MotorImagery_seed5678,recipe12,MotorImagery,5678,3000,64,65,30,0.01,100,"[120, 30]","[2, 1]",2,4224,4355,0.4699999988079071,0.5881249904632568,69490,40.46872043609619,10.289288759231567,219.0,71.92041015625,ok,,0,"recipe variant: depths=[2, 1], stride=30 (1.0x base 30), lengths=[120, 30] (base [300, 30])",8b4ddf7,2.6.0+cu124,0.24,NVIDIA GeForce RTX 4070 Ti SUPER,0,2026-07-26T16:46:31
recipe12_MotorImagery_seed6789,recipe12,MotorImagery,6789,3000,64,65,30,0.01,100,"[120, 30]","[2, 1]",2,4224,4355,0.4699999988079071,0.503125011920929,69490,39.583940744400024,10.461079835891724,215.0,71.92041015625,ok,,0,"recipe variant: depths=[2, 1], stride=30 (1.0x base 30), lengths=[120, 30] (base [300, 30])",8b4ddf7,2.6.0+cu124,0.24,NVIDIA GeForce RTX 4070 Ti SUPER,0,2026-07-26T16:50:07
recipe12_SelfRegulationSCP1_seed2345,recipe12,SelfRegulationSCP1,2345,896,6,6,9,0.010045,100,"[36, 9]","[2, 1]",2,90,90,0.8273809552192688,0.831250011920929,212354,0.7003090381622314,2.3063881397247314,54.0,58.4677734375,ok,,0,"recipe variant: depths=[2, 1], stride=9 (1.0x base 9), lengths=[36, 9] (base [90, 9])",8b4ddf7,2.6.0+cu124,0.24,NVIDIA GeForce RTX 4070 Ti SUPER,0,2026-07-26T15:52:47
recipe12_SelfRegulationSCP1_seed3456,recipe12,SelfRegulationSCP1,3456,896,6,6,9,0.010045,100,"[36, 9]","[2, 1]",2,90,90,0.8065476417541504,0.8645833134651184,212354,0.698493480682373,2.162837028503418,35.0,58.4677734375,ok,,0,"recipe variant: depths=[2, 1], stride=9 (1.0x base 9), lengths=[36, 9] (base [90, 9])",8b4ddf7,2.6.0+cu124,0.24,NVIDIA GeForce RTX 4070 Ti SUPER,0,2026-07-26T15:53:23
recipe12_SelfRegulationSCP1_seed4567,recipe12,SelfRegulationSCP1,4567,896,6,6,9,0.010045,100,"[36, 9]","[2, 1]",2,90,90,0.884920597076416,0.8479166626930237,212354,0.7009522914886475,2.2173349857330322,29.0,58.4677734375,ok,,0,"recipe variant: depths=[2, 1], stride=9 (1.0x base 9), lengths=[36, 9] (base [90, 9])",8b4ddf7,2.6.0+cu124,0.24,NVIDIA GeForce RTX 4070 Ti SUPER,0,2026-07-26T15:53:53
recipe12_SelfRegulationSCP1_seed5678,recipe12,SelfRegulationSCP1,5678,896,6,6,9,0.010045,100,"[36, 9]","[2, 1]",2,90,90,0.879464328289032,0.8687500357627869,212354,0.7118320465087891,2.320289373397827,45.0,58.4677734375,ok,,0,"recipe variant: depths=[2, 1], stride=9 (1.0x base 9), lengths=[36, 9] (base [90, 9])",8b4ddf7,2.6.0+cu124,0.24,NVIDIA GeForce RTX 4070 Ti SUPER,0,2026-07-26T15:54:39
recipe12_SelfRegulationSCP1_seed6789,recipe12,SelfRegulationSCP1,6789,896,6,6,9,0.010045,100,"[36, 9]","[2, 1]",2,90,90,0.875,0.8499999642372131,212354,0.7040243148803711,1.4012064933776855,31.0,58.4677734375,ok,,0,"recipe variant: depths=[2, 1], stride=9 (1.0x base 9), lengths=[36, 9] (base [90, 9])",8b4ddf7,2.6.0+cu124,0.24,NVIDIA GeForce RTX 4070 Ti SUPER,0,2026-07-26T15:55:11
recipe12_SelfRegulationSCP2_seed2345,recipe12,SelfRegulationSCP2,2345,1152,7,8,12,0.010417,96,"[46, 12]","[2, 1]",2,63,80,0.44999998807907104,0.550000011920929,307714,0.4855344295501709,6.969869613647461,87.0,70.2822265625,ok,,0,"recipe variant: depths=[2, 1], stride=12 (1.0x base 12), lengths=[46, 12] (base [120, 12])",8b4ddf7,2.6.0+cu124,0.24,NVIDIA GeForce RTX 4070 Ti SUPER,0,2026-07-26T15:49:08
recipe12_SelfRegulationSCP2_seed3456,recipe12,SelfRegulationSCP2,3456,1152,7,8,12,0.010417,96,"[46, 12]","[2, 1]",2,63,80,0.5543749928474426,0.46312499046325684,307714,0.4715995788574219,2.3995494842529297,61.0,70.2822265625,ok,,0,"recipe variant: depths=[2, 1], stride=12 (1.0x base 12), lengths=[46, 12] (base [120, 12])",8b4ddf7,2.6.0+cu124,0.24,NVIDIA GeForce RTX 4070 Ti SUPER,0,2026-07-26T15:50:10
recipe12_SelfRegulationSCP2_seed4567,recipe12,SelfRegulationSCP2,4567,1152,7,8,12,0.010417,96,"[46, 12]","[2, 1]",2,63,80,0.5012500286102295,0.550000011920929,307714,0.46688342094421387,2.413137197494507,37.0,70.2822265625,ok,,0,"recipe variant: depths=[2, 1], stride=12 (1.0x base 12), lengths=[46, 12] (base [120, 12])",8b4ddf7,2.6.0+cu124,0.24,NVIDIA GeForce RTX 4070 Ti SUPER,0,2026-07-26T15:50:48
recipe12_SelfRegulationSCP2_seed5678,recipe12,SelfRegulationSCP2,5678,1152,7,8,12,0.010417,96,"[46, 12]","[2, 1]",2,63,80,0.43437498807907104,0.5387499928474426,307714,0.46915650367736816,2.402693033218384,34.0,70.2822265625,ok,,0,"recipe variant: depths=[2, 1], stride=12 (1.0x base 12), lengths=[46, 12] (base [120, 12])",8b4ddf7,2.6.0+cu124,0.24,NVIDIA GeForce RTX 4070 Ti SUPER,0,2026-07-26T15:51:23
recipe12_SelfRegulationSCP2_seed6789,recipe12,SelfRegulationSCP2,6789,1152,7,8,12,0.010417,96,"[46, 12]","[2, 1]",2,63,80,0.6549999713897705,0.4456250071525574,307714,0.4634084701538086,2.4377150535583496,28.0,70.2822265625,ok,,0,"recipe variant: depths=[2, 1], stride=12 (1.0x base 12), lengths=[46, 12] (base [120, 12])",8b4ddf7,2.6.0+cu124,0.24,NVIDIA GeForce RTX 4070 Ti SUPER,0,2026-07-26T15:51:52
